gamecount, episode, average_max_q, score, average_diff
1,279,0.979497263359103,-1,0.00465069303868311
2,506,0.985083865746913,1,0.00606361138982667
